{
  "camera_matrix_parameters": {
    "vision_bottom": {
      "extrinsic_rotations": [
        -3.3280348777770996,
        -1.104656159877777,
        -0.5182921886444092
      ]
    },
    "vision_top": {
      "extrinsic_rotations": [
        -4.448606491088867,
        -0.8998695015907288,
        0.3744703531265259
      ]
    }
  },
  "in_walk_kicks": {
    "forward": {
      "position": [
        -0.18000000715255737,
        -0.004999999888241291
      ],
      "reached_thresholds": [
        0.05999999865889549,
        0.009999999776482582,
        0.015000000596046448
      ]
    },
    "side": {
      "orientation": -1.5700000524520874,
      "position": [
        -0.15000000596046448,
        0.029999999329447743
      ],
      "reached_thresholds": [
        0.05000000074505806,
        0.05999999865889549,
        0.10000000149011612
      ],
      "shot_distance": 0.800000011920929
    },
    "turn": {
      "orientation": 0.8999999761581421,
      "position": [
        -0.1449999958276749,
        -0.07999999821186066
      ],
      "reached_thresholds": [
        0.03999999910593033,
        0.03999999910593033,
        0.15000000596046448
      ]
    }
  },
  "kick_selector": {
    "default_kick_strength": 2.0
  }
}
