{
  "camera_matrix_parameters": {
    "vision_bottom": {
      "extrinsic_rotations": [
        -4.7154951095581055,
        0.0,
        0.17380177974700928
      ]
    },
    "vision_top": {
      "extrinsic_rotations": [
        -4.592184066772461,
        0.0,
        0.0
      ]
    }
  }
}
