{
  "camera_matrix_parameters": {
    "vision_bottom": {
      "extrinsic_rotations": [
        -4.395089149475098,
        1.984269618988037,
        0.9979891777038574
      ]
    },
    "vision_top": {
      "extrinsic_rotations": [
        -4.581060886383057,
        1.2963670492172241,
        -0.42870283126831055
      ]
    }
  }
}
