{
  "camera_matrix_parameters": {
    "calibration": {
      "correction_in_camera_bottom": [
        -0.02531152404844761,
        0.02351667732000351,
        0.012414523400366306
      ],
      "correction_in_camera_top": [
        -0.02101301960647106,
        0.026375290006399155,
        0.011709357611835005
      ],
      "correction_in_robot": [
        -0.005085422191768885,
        -0.011552145704627035,
        -0.006917974445968866
      ]
    },
    "vision_bottom": {
      "extrinsic_rotations": [
        -4.999075889587402,
        0.17982065677642822,
        -0.19637703895568848
      ]
    },
    "vision_top": {
      "extrinsic_rotations": [
        -6.716775417327881,
        0.11589288711547852,
        -0.1532873511314392
      ]
    }
  }
}
